{"train_perf": 0.24863176382340874, "train_loss": 0.3392668164828244, "_timestamp": 1679210586.7230067, "_runtime": 12.448384761810303, "_step": 4, "validation_perf": 0.22728720367822125, "validation_loss": 0.3510418877209703, "test_perf": 0.22598528334247164, "test_loss": 0.3508302438749026, "_wandb": {"runtime": 13}}